genome_id,y_true,y_score
GCA_000406725.1,1,0.143413
GCA_000406845.1,1,0.9893857
GCA_000406865.1,1,0.143413
GCA_000406885.1,1,0.99083436
GCA_000417385.1,1,0.9893857
GCA_000417405.1,1,0.95858204
GCA_000417425.1,1,0.99083436
GCA_000566965.1,0,0.091221325
GCA_001704235.1,0,0.01151434
GCA_001874715.1,0,0.01208402
GCA_001874725.1,1,0.9916677
GCA_001875045.2,1,0.016099973
GCA_001875105.1,1,0.94602054
GCA_002180155.1,1,0.98277056
GCA_002180255.1,1,0.93266034
GCA_002180315.1,1,0.48055035
GCA_002918585.2,1,0.20350523
GCA_002968475.1,0,0.6471367
GCA_003194285.1,1,0.50638
GCA_003571585.1,1,0.46365
GCA_003950545.1,1,0.5712935
GCA_003950615.1,1,0.95906216
GCA_003951235.1,1,0.2387566
GCA_003951605.1,1,0.97810066
GCA_004322955.1,1,0.92915785
GCA_011682735.1,0,0.76093304
GCA_011682815.1,0,0.010484722
GCA_013180465.1,0,0.008801719
GCA_013180515.1,0,0.010484722
GCA_014840245.1,1,0.021502392
GCA_014840345.1,1,0.9000092
GCA_014840405.1,0,0.1177561
GCA_014840535.1,1,0.99010706
GCA_014840655.1,1,0.9831375
GCA_014840695.1,1,0.4461418
GCA_014840795.1,0,0.009412465
GCA_014946945.1,0,0.7170582
GCA_019927485.1,1,0.19859624
GCA_019927725.1,0,0.005225038
GCA_019927745.1,0,0.02499056
GCA_019927885.1,0,0.006215623
GCA_019927925.1,0,0.008277354
GCA_019928025.1,0,0.17898037
GCA_019928065.1,0,0.016729817
GCA_019928115.1,0,0.0072030365
GCA_019928285.1,0,0.30500776
GCA_019928445.1,0,0.008766628
GCA_019928465.1,0,0.009381394
GCA_019930125.1,0,0.0034522847
GCA_019930165.1,0,0.011727921
GCA_019930175.1,0,0.010965135
GCA_019930505.1,0,0.16524534
GCA_020407045.1,0,0.01089822
GCA_022182645.1,0,0.0034522847
GCA_022299735.1,0,0.004708368
GCA_022299755.1,0,0.16504158
GCA_022299775.1,0,0.11824369
GCA_022299875.1,0,0.009720876
GCA_022299915.1,0,0.0062344843
GCA_022300075.1,0,0.26733154
GCA_022305035.1,0,0.4811485
GCA_022307095.1,0,0.02528244
GCA_022310915.1,0,0.043747216
GCA_022310935.1,0,0.00502933
GCA_022315755.1,0,0.06524087
GCA_022315795.1,1,0.98714954
GCA_022315855.1,1,0.9922008
GCA_022315895.1,1,0.7682653
GCA_022315935.1,1,0.95906216
GCA_022315985.1,1,0.7967725
GCA_022316385.1,1,0.91730684
GCA_024580195.1,1,0.4145825
GCA_031044775.1,0,0.007914544
GCA_031045235.1,0,0.0833905
GCA_031045815.1,0,0.0080713965
GCA_031046075.1,0,0.008317666
GCA_031046095.1,0,0.008795635
GCA_031046255.1,0,0.006539711
GCA_031046375.1,0,0.015176472
GCA_031046395.1,0,0.015176472
GCA_031046555.1,0,0.009049601
GCA_031046615.1,0,0.008090875
GCA_031046775.1,0,0.010560525
Kp_ertapenem_R_1044471_573_81055,0,0.010560525
Kp_ertapenem_R_18473_573_82135,0,0.5045317
Kp_ertapenem_R_18535_573_82136,1,0.9467116
Kp_ertapenem_R_18868_573_82134,1,0.9779719
Kp_ertapenem_R_18_573_79052,1,0.98356724
Kp_ertapenem_R_19_573_24258,1,0.95342004
Kp_ertapenem_R_2016C06-080_573_78961,1,0.9888947
Kp_ertapenem_R_2016C07-154_573_78954,1,0.92720056
Kp_ertapenem_R_2024CK-00645_573_77406,1,0.68146497
Kp_ertapenem_R_22-29_573_77551,1,0.38662112
Kp_ertapenem_R_2369_22_573_78712,1,0.9912685
Kp_ertapenem_R_240304097_573_81625,1,0.9943347
Kp_ertapenem_R_25_573_24269,1,0.9135491
Kp_ertapenem_R_26968_5#106_573_66225,1,0.98977345
Kp_ertapenem_R_26975_4#127_573_66292,1,0.98444647
Kp_ertapenem_R_26975_4#133_573_66289,1,0.020435195
Kp_ertapenem_R_26994_6#120_573_66335,1,0.1862016
Kp_ertapenem_R_26994_6#95_573_66328,1,0.1862016
Kp_ertapenem_R_26994_7#148_573_66378,1,0.8235399
Kp_ertapenem_R_26994_7_26_573_66352,1,0.8235399
Kp_ertapenem_R_26994_8#183_573_66414,1,0.98444647
Kp_ertapenem_R_26HJ_573_78000,1,0.98444647
Kp_ertapenem_R_27097_7#78_573_66434,1,0.9813534
Kp_ertapenem_R_27097_7_62_573_66432,1,0.98977345
Kp_ertapenem_R_27261_8#102_573_66485,1,0.9753112
Kp_ertapenem_R_27261_8#172_573_66505,1,0.17113186
Kp_ertapenem_R_27261_8#89_573_66543,1,0.98977345
Kp_ertapenem_R_27261_8_154_573_66498,1,0.16991252
Kp_ertapenem_R_27322_4#41_573_66519,1,0.26261124
Kp_ertapenem_R_27322_4#82_573_66525,1,0.98977345
Kp_ertapenem_R_27322_4_35_573_66584,1,0.98977345
Kp_ertapenem_R_27322_4_39_573_66517,1,0.98977345
Kp_ertapenem_R_2842_573_78882,1,0.9249757
Kp_ertapenem_R_29105_1_120_573_66545,1,0.9316296
Kp_ertapenem_R_29105_1_376_573_66555,1,0.97633433
Kp_ertapenem_R_29109_2_143_573_66556,1,0.97633433
Kp_ertapenem_R_29339_1#51_573_66564,1,0.97728544
Kp_ertapenem_R_29339_1_68_573_66571,1,0.04008405
Kp_ertapenem_R_3042_kpn_573_78029,1,0.89542115
Kp_ertapenem_R_31FC_573_77997,1,0.87727344
Kp_ertapenem_R_32RA-01_573_78006,1,0.99083436
Kp_ertapenem_R_33RA-02_573_78003,1,0.99083436
Kp_ertapenem_R_35242_573_78192,1,0.98425645
Kp_ertapenem_R_45071_573_77425,1,0.9943347
Kp_ertapenem_R_49856_573_77408,1,0.976255
Kp_ertapenem_R_49i_spring_573_92120,1,0.9302653
Kp_ertapenem_R_6_573_77730,1,0.45030987
Kp_ertapenem_R_7_573_77729,1,0.9846423
Kp_ertapenem_R_A1-2_573_81622,1,0.093077205
Kp_ertapenem_R_A2H_573_77950,1,0.33576226
Kp_ertapenem_R_A3H_573_77949,1,0.9939195
Kp_ertapenem_R_A3L_573_77941,1,0.9578468
Kp_ertapenem_R_ACR4_573_83518,1,0.82384557
Kp_ertapenem_R_AN-104_573_83552,1,0.9603736
Kp_ertapenem_R_AN-16_573_83584,1,0.9504006
Kp_ertapenem_R_AN-4_573_77792,1,0.32753122
Kp_ertapenem_R_AN-67_573_83574,1,0.9077633
Kp_ertapenem_R_AN-92_573_83561,1,0.95751774
Kp_ertapenem_R_AR8214_573_83782,1,0.92720056
Kp_ertapenem_R_AR8313_573_83761,1,0.07745
Kp_ertapenem_R_AR8319_573_83759,1,0.39807808
Kp_ertapenem_R_AR8331_573_83756,1,0.98348886
Kp_ertapenem_R_AR8415_573_83740,1,0.97086304
Kp_ertapenem_R_AR8479_573_83721,1,0.08840168
Kp_ertapenem_R_AR8490_573_83718,1,0.98883504
Kp_ertapenem_R_AR8507_573_83712,1,0.9943347
Kp_ertapenem_R_AR8518_573_83706,1,0.143413
Kp_ertapenem_R_AR_0042_573_7022,1,0.9943347
Kp_ertapenem_R_AR_0043_573_7023,1,0.82476574
Kp_ertapenem_R_AR_0080_573_17927,1,0.9916991
Kp_ertapenem_R_B1L_573_77944,1,0.9856324
Kp_ertapenem_R_C1H_573_77962,1,0.97378224
Kp_ertapenem_R_C3H_573_77964,1,0.4222364
Kp_ertapenem_R_C3L_573_77967,1,0.9939195
Kp_ertapenem_R_CHURS_170942_573_79173,1,0.9939195
Kp_ertapenem_R_CHURS_175691_573_79174,1,0.9939195
Kp_ertapenem_R_CPE_E1046_573_81241,1,0.5258295
Kp_ertapenem_R_CPE_E1119_573_81208,1,0.6149912
Kp_ertapenem_R_CPE_E1218_573_81167,1,0.76841104
Kp_ertapenem_R_CPE_E139_573_81106,1,0.0064461785
Kp_ertapenem_R_CPE_E186_573_81093,1,0.97451967
Kp_ertapenem_R_CPE_E289_573_81078,1,0.9939195
Kp_ertapenem_R_CPE_E339_573_81059,1,0.6890335
Kp_ertapenem_R_CPE_E45_573_81135,1,0.075092144
Kp_ertapenem_R_CPE_E92_573_81119,1,0.9735131
Kp_ertapenem_R_CRKP-12_573_80768,1,0.13239217
Kp_ertapenem_R_CRKP-61_573_80756,1,0.07175847
Kp_ertapenem_R_CRKP-62_573_80754,1,0.1629284
Kp_ertapenem_R_CRKP-73_573_80748,1,0.504315
Kp_ertapenem_R_CRhvKp1645_573_81788,1,0.31419346
Kp_ertapenem_R_D1H_573_77956,1,0.73606247
Kp_ertapenem_R_D1L_573_77960,1,0.7693098
Kp_ertapenem_R_D3H_573_77958,1,0.82476574
Kp_ertapenem_R_E4H_573_77977,1,0.9912685
Kp_ertapenem_R_FAHZZU6216_573_84176,1,0.8823819
Kp_ertapenem_R_FK2958-HR_573_83863,1,0.8823819
Kp_ertapenem_R_FK3001_573_83865,1,0.9943347
Kp_ertapenem_R_FK3730-HR_573_83858,1,0.9939195
Kp_ertapenem_R_FK3990-HR_573_83844,1,0.9939195
Kp_ertapenem_R_FK4020-HR_573_83837,1,0.9939195
Kp_ertapenem_R_FK5164_573_78100,1,0.9939195
Kp_ertapenem_R_FK6304_573_83829,1,0.9939195
Kp_ertapenem_R_FK6469-HR_573_83831,1,0.9316296
Kp_ertapenem_R_FK7410-HR_573_83816,1,0.9316296
Kp_ertapenem_R_FK7804-HR_573_83815,1,0.95052207
Kp_ertapenem_R_FK8055-HR_573_83807,1,0.7357587
Kp_ertapenem_R_FK8132_573_83801,1,0.9316296
Kp_ertapenem_R_FK8136-HR_573_83799,1,0.981614
Kp_ertapenem_R_FK8152-HR_573_83802,1,0.63374186
Kp_ertapenem_R_GKPN0070_573_78911,1,0.99147123
Kp_ertapenem_R_GKPN0075_573_78903,1,0.96856636
Kp_ertapenem_R_HD1641_573_78554,1,0.9403643
Kp_ertapenem_R_HD1948_573_78536,1,0.5029084
Kp_ertapenem_R_HD2653_573_78498,1,0.5029084
Kp_ertapenem_R_JXkp15_573_81398,1,0.15588515
Kp_ertapenem_R_JXkp16_573_83625,1,0.31924993
Kp_ertapenem_R_JXkp17_573_83627,1,0.9879396
Kp_ertapenem_R_JXkp22_573_81308,1,0.9734298
Kp_ertapenem_R_JXkp24_573_81393,1,0.98529553
Kp_ertapenem_R_K1-IR_573_78933,1,0.98529553
Kp_ertapenem_R_K1KPC_573_77618,1,0.98529553
Kp_ertapenem_R_K6-IR_573_78926,1,0.6967419
Kp_ertapenem_R_KP-135LU_573_46837,1,0.9943347
Kp_ertapenem_R_KP-14442FI_573_46839,1,0.98529553
Kp_ertapenem_R_KP-15PI_573_46841,1,0.9437329
Kp_ertapenem_R_KP-28P_573_46859,1,0.98529553
Kp_ertapenem_R_KP-416254_573_77747,1,0.9833572
Kp_ertapenem_R_KP-51LI_573_46867,1,0.98355305
Kp_ertapenem_R_KP-83LU_573_46871,1,0.98355305
Kp_ertapenem_R_KP-84LU_573_46872,1,0.98355305
Kp_ertapenem_R_KP-9PI_573_46877,1,0.36070186
Kp_ertapenem_R_KP2056_573_80867,1,0.98355305
Kp_ertapenem_R_KP205_573_78863,1,0.98355305
Kp_ertapenem_R_KP2094_573_80850,1,0.98355305
Kp_ertapenem_R_KP2161_573_80864,1,0.9403643
Kp_ertapenem_R_KP2185_573_80854,1,0.9921612
Kp_ertapenem_R_KP2191_573_80847,1,0.9921612
Kp_ertapenem_R_KPC-2VEB-1CTM-X-15SHV-106_573_78470,1,0.9921612
Kp_ertapenem_R_KpHUPM_20_573_81729,1,0.92720056
Kp_ertapenem_R_KpHUPM_2_573_81745,1,0.92720056
Kp_ertapenem_R_KpVA-12_573_1730,1,0.92720056
Kp_ertapenem_R_KpVA-1_573_1719,1,0.9739947
Kp_ertapenem_R_KpVA-3_573_1721,1,0.92720056
Kp_ertapenem_R_KpVA-5_573_1723,1,0.92720056
Kp_ertapenem_R_KpVA-6_573_1724,1,0.92720056
Kp_ertapenem_R_KpVA-8_573_1726,1,0.92720056
Kp_ertapenem_R_Kp_15.MM_573_49996,1,0.92920107
Kp_ertapenem_R_Kp_Goe__707967-2_573_77816,1,0.89329964
Kp_ertapenem_R_Kpn12_573_81446,1,0.86708826
Kp_ertapenem_R_Kpn17_573_81447,1,0.9347782
Kp_ertapenem_R_Kpn19_573_81421,1,0.008991457
Kp_ertapenem_R_Kpn20_573_81443,1,0.9824991
Kp_ertapenem_R_Kpn2335-Lar_573_79363,1,0.6509231
Kp_ertapenem_R_Kpn38_573_81485,1,0.82476574
Kp_ertapenem_R_Kpngiani7132512_573_29988,1,0.44440508
Kp_ertapenem_R_Kpngiani7132515_573_29976,1,0.92728716
Kp_ertapenem_R_Kpngiani7132521_573_29987,1,0.71371585
Kp_ertapenem_R_Kpngiani7132522_573_29982,1,0.9862714
Kp_ertapenem_R_Kpngiani7132524_573_29984,1,0.92720056
Kp_ertapenem_R_Kpngiani7132526_573_29967,1,0.92920107
Kp_ertapenem_R_Kpngiani7132529_573_29985,1,0.8833988
Kp_ertapenem_R_Kpngiani7132531_573_30011,1,0.8833988
Kp_ertapenem_R_Kpngiani7132534_573_30010,1,0.27345335
Kp_ertapenem_R_Kpngiani7132538_573_30017,1,0.8833988
Kp_ertapenem_R_Kpngiani7132540_573_30006,1,0.92720056
Kp_ertapenem_R_Kpngiani7132548_573_30013,1,0.98794276
Kp_ertapenem_R_Kpngiani7132549_573_30009,1,0.8833988
Kp_ertapenem_R_Kpngiani7132551_573_29994,1,0.92720056
Kp_ertapenem_R_Kpngiani7132557_573_29867,1,0.73898476
Kp_ertapenem_R_Kpngiani7132562_573_29863,1,0.92720056
Kp_ertapenem_R_Kpngiani7132584_573_29881,1,0.0357087
Kp_ertapenem_R_Kpngiani7132585_573_29888,1,0.92720056
Kp_ertapenem_R_Kpngiani7132590_573_29884,1,0.8833988
Kp_ertapenem_R_Kpngiani7132598_573_29897,1,0.8833988
Kp_ertapenem_R_Kpngiani7132605_573_29901,1,0.92720056
Kp_ertapenem_R_Kpngiani7132625_573_29933,1,0.8320294
Kp_ertapenem_R_Kpngiani7132627_573_29919,1,0.95334864
Kp_ertapenem_R_Kpngiani7132629_573_29923,1,0.92720056
Kp_ertapenem_R_Kpngiani7132632_573_29925,1,0.8833988
Kp_ertapenem_R_LACPHL-BACT-2024-00162_573_77478,1,0.39132425
Kp_ertapenem_R_LACPHL-BACT-2024-00218_573_77781,1,0.92720056
Kp_ertapenem_R_LZQ111_573_78367,1,0.99150157
Kp_ertapenem_R_LZQ51_573_78376,1,0.82476574
Kp_ertapenem_R_LZQ61_573_78371,1,0.98641104
Kp_ertapenem_R_LZQ67_573_78369,1,0.8823819
Kp_ertapenem_R_MDRT1_573_77433,1,0.33576226
Kp_ertapenem_R_MR023_573_80676,1,0.9886437
Kp_ertapenem_R_MR025_573_80677,1,0.994052
Kp_ertapenem_R_MR035_573_80664,1,0.994052
Kp_ertapenem_R_MR036_573_80663,1,0.9943347
Kp_ertapenem_R_MR039_573_80660,1,0.9934783
Kp_ertapenem_R_MR056_573_80649,1,0.82476574
Kp_ertapenem_R_MUGSI_102_573_24326,1,0.9886437
Kp_ertapenem_R_MUGSI_111_573_24329,1,0.9617238
Kp_ertapenem_R_MUGSI_113_573_24331,1,0.9943347
Kp_ertapenem_R_MUGSI_141_573_24353,1,0.99103093
Kp_ertapenem_R_MUGSI_142_573_24354,1,0.9382528
Kp_ertapenem_R_MUGSI_16_573_24363,1,0.8833988
Kp_ertapenem_R_MUGSI_173_573_24368,1,0.97913307
Kp_ertapenem_R_MUGSI_181_573_24370,1,0.99083436
Kp_ertapenem_R_MUGSI_191_573_24374,1,0.99083436
Kp_ertapenem_R_MUGSI_31_573_24393,1,0.31015968
Kp_ertapenem_R_MUGSI_33_573_24403,1,0.99083436
Kp_ertapenem_R_MUGSI_46_573_24414,1,0.9924264
Kp_ertapenem_R_MUGSI_58_573_24422,1,0.99083436
Kp_ertapenem_R_MUGSI_59_573_24423,1,0.9893857
Kp_ertapenem_R_MUGSI_80_573_24440,1,0.13172066
Kp_ertapenem_R_MUGSI_83_573_24442,1,0.99083436
Kp_ertapenem_R_NC75_573_77918,1,0.99083436
Kp_ertapenem_R_NNKP_2024_4_573_81843,1,0.99083436
Kp_ertapenem_R_PB12_573_81760,1,0.49082765
Kp_ertapenem_R_PR-11_573_83543,1,0.32289296
Kp_ertapenem_R_PR-6_573_83547,1,0.92720056
Kp_ertapenem_R_R24_573_81331,1,0.988062
Kp_ertapenem_R_R6_573_81325,1,0.9336484
Kp_ertapenem_R_R71_573_81303,1,0.87707204
Kp_ertapenem_R_R72_573_81292,1,0.38498738
Kp_ertapenem_R_R75_573_81306,1,0.9943347
Kp_ertapenem_R_RHURS_0308_573_79176,1,0.9943347
Kp_ertapenem_R_SAS-02_573_77797,1,0.7360696
Kp_ertapenem_R_SKLX034833_573_78392,1,0.9943347
Kp_ertapenem_R_SKLX043500_573_78444,1,0.99083436
Kp_ertapenem_R_SKLX043620_573_78438,1,0.9746731
Kp_ertapenem_R_SKLX074265_573_78423,1,0.82476574
Kp_ertapenem_R_SKLX080450_573_78384,1,0.9806503
Kp_ertapenem_R_SKLX092986_573_78417,1,0.9806503
Kp_ertapenem_R_Sy161667_573_80991,1,0.82476574
Kp_ertapenem_R_Sy161707_573_80996,1,0.8823819
Kp_ertapenem_R_Sy163503_573_81000,1,0.8823819
Kp_ertapenem_R_Sy164427_573_80993,1,0.9933062
Kp_ertapenem_R_T240103123_573_83459,1,0.99436945
Kp_ertapenem_R_T240321700_573_81624,1,0.9482755
Kp_ertapenem_R_T240515393_573_81637,1,0.9934088
Kp_ertapenem_R_TO-22_573_77807,1,0.99202853
Kp_ertapenem_R_WYKP393_573_79034,1,0.9324408
Kp_ertapenem_R_WYKP527_573_79045,1,0.9395718
Kp_ertapenem_R_WYKP938_573_79427,1,0.96680295
Kp_ertapenem_R_ZJSR138_573_80780,1,0.28983444
Kp_ertapenem_S_10035210-3_573_77543,1,0.8823819
Kp_ertapenem_S_1030572_573_81050,1,0.9316296
Kp_ertapenem_S_1096796_573_81047,1,0.82476574
Kp_ertapenem_S_117916_573_81045,0,0.47989616
Kp_ertapenem_S_1192_573_80927,0,0.60624135
Kp_ertapenem_S_1193_573_80923,0,0.004316026
Kp_ertapenem_S_1198_573_80920,0,0.004764814
Kp_ertapenem_S_1202_573_80918,0,0.022962324
Kp_ertapenem_S_1204_573_80916,0,0.0037801492
Kp_ertapenem_S_1247_573_80914,0,0.12088536
Kp_ertapenem_S_1385_573_83961,0,0.5368405
Kp_ertapenem_S_1391_573_83977,0,0.15193416
Kp_ertapenem_S_1398_573_83974,0,0.0063297437
Kp_ertapenem_S_1401_573_83971,0,0.0037801492
Kp_ertapenem_S_155_kpn_573_78052,0,0.060259596
Kp_ertapenem_S_161J6_573_78187,0,0.0039843377
Kp_ertapenem_S_169BUR08_573_81561,0,0.013894681
Kp_ertapenem_S_17_573_77735,0,0.004518846
Kp_ertapenem_S_1937kSG22_573_81607,0,0.009911447
Kp_ertapenem_S_1989_kpn_573_78045,0,0.009590361
Kp_ertapenem_S_200H7_573_78160,0,0.0068236673
Kp_ertapenem_S_206B3_573_78161,0,0.11311483
Kp_ertapenem_S_2110_2SG22_573_81549,0,0.0046298387
Kp_ertapenem_S_217J9_573_78168,0,0.012375821
Kp_ertapenem_S_2276_kpn_573_78041,0,0.004248557
Kp_ertapenem_S_227J7_573_78156,0,0.003922982
Kp_ertapenem_S_229I7_573_78155,0,0.25412583
Kp_ertapenem_S_22BUR14_573_81614,0,0.03129375
Kp_ertapenem_S_233-1c_573_83426,0,0.54224914
Kp_ertapenem_S_235-2b_573_83441,0,0.0679617
Kp_ertapenem_S_2368_1DZ24_573_81601,0,0.004507077
Kp_ertapenem_S_239_573_24266,0,0.29201227
Kp_ertapenem_S_240612295_573_81639,0,0.004702352
Kp_ertapenem_S_2424koDZ24_573_81621,0,0.018243035
Kp_ertapenem_S_246-3a_573_83442,0,0.32142594
Kp_ertapenem_S_2609_573_77413,0,0.048630334
Kp_ertapenem_S_2634E14_573_81578,0,0.004011417
Kp_ertapenem_S_2673_22_573_78711,0,0.004537495
Kp_ertapenem_S_26968_6#15_573_66249,0,0.027443493
Kp_ertapenem_S_27097_7#59_573_66428,0,0.1807689
Kp_ertapenem_S_27261_8#135_573_66495,0,0.12688941
Kp_ertapenem_S_27261_8#29_573_66462,0,0.00651685
Kp_ertapenem_S_27261_8#2_573_66460,0,0.0044026724
Kp_ertapenem_S_27261_8#59_573_66471,0,0.004518846
Kp_ertapenem_S_281-2c_573_84001,0,0.0045904415
Kp_ertapenem_S_281_573_83958,0,0.24918309
Kp_ertapenem_S_297J2_573_78141,0,0.26733154
Kp_ertapenem_S_3008_kpn_573_78039,0,0.0062344843
Kp_ertapenem_S_303J6_573_78144,0,0.1000044
Kp_ertapenem_S_3057_kpn_573_78025,0,0.58961195
Kp_ertapenem_S_310_573_24281,0,0.020878673
Kp_ertapenem_S_312J9_573_78138,0,0.0045538195
Kp_ertapenem_S_313_573_24283,0,0.0073268004
Kp_ertapenem_S_320G7_573_78131,0,0.0046298387
Kp_ertapenem_S_328-1b_573_83437,0,0.25753838
Kp_ertapenem_S_32_Alex_S188_573_78813,0,0.012537746
Kp_ertapenem_S_337Gr_573_80952,0,0.005521004
Kp_ertapenem_S_342-1b_573_83451,0,0.020504216
Kp_ertapenem_S_3440PDZ24_573_81570,0,0.4811485
Kp_ertapenem_S_358C9_573_78124,0,0.12579772
Kp_ertapenem_S_3635_22_573_78730,0,0.13370991
Kp_ertapenem_S_39-1_58_573_81909,0,0.045192838
Kp_ertapenem_S_396_573_24295,0,0.006484183
Kp_ertapenem_S_397_573_24296,0,0.019144898
Kp_ertapenem_S_400_573_24298,0,0.6890335
Kp_ertapenem_S_401_573_24299,0,0.012960831
Kp_ertapenem_S_415_573_24302,0,0.020327348
Kp_ertapenem_S_5018_22_573_78737,0,0.07893655
Kp_ertapenem_S_511433-22_573_81837,0,0.35905486
Kp_ertapenem_S_5378_22_573_78721,0,0.06462087
Kp_ertapenem_S_6700362_573_81684,0,0.011233926
Kp_ertapenem_S_6700771_573_83652,0,0.6170933
Kp_ertapenem_S_6720488_573_83662,0,0.005210969
Kp_ertapenem_S_6730723_573_83657,0,0.81733173
Kp_ertapenem_S_6741_22_573_78718,0,0.5991439
Kp_ertapenem_S_676998_573_81044,0,0.003670775
Kp_ertapenem_S_6887_573_79260,0,0.009591457
Kp_ertapenem_S_6991_22_573_78723,0,0.11438862
Kp_ertapenem_S_6Gaza2023_573_81689,0,0.018039558
Kp_ertapenem_S_732311_573_81043,0,0.006067386
Kp_ertapenem_S_742302_573_81033,0,0.009591457
Kp_ertapenem_S_8774E18_573_81575,0,0.007391324
Kp_ertapenem_S_882763_573_81015,0,0.02507406
Kp_ertapenem_S_9040_22_573_78724,0,0.1807689
Kp_ertapenem_S_927280_573_81028,0,0.028297497
Kp_ertapenem_S_931183_573_81026,0,0.48245406
Kp_ertapenem_S_941870_573_81020,0,0.00538991
Kp_ertapenem_S_A2-3_573_78854,0,0.0038380271
Kp_ertapenem_S_A21-1_573_78859,0,0.870228
Kp_ertapenem_S_A3-1_573_78853,0,0.004316026
Kp_ertapenem_S_ABOVE55_573_77550,0,0.0060446137
Kp_ertapenem_S_AJ174-2_573_79314,0,0.52748275
Kp_ertapenem_S_AM_CKDN230030166-1A_HGKHYDSX7_573_78693,0,0.007391324
Kp_ertapenem_S_AR8230_573_83777,0,0.031325456
Kp_ertapenem_S_AR8235_573_83773,0,0.100685135
Kp_ertapenem_S_AR8335_573_83755,0,0.100685135
Kp_ertapenem_S_AR8396_573_83748,0,0.006520232
Kp_ertapenem_S_AR8531_573_83703,0,0.11855817
Kp_ertapenem_S_A_CKDN230030134-1A_HGKHYDSX7_573_78692,0,0.107548825
Kp_ertapenem_S_BG5121_573_79091,0,0.27086407
Kp_ertapenem_S_BP12h_573_83510,0,0.0075161885
Kp_ertapenem_S_BP206h_573_83509,0,0.008869461
Kp_ertapenem_S_BP310Ae_573_83506,0,0.0060336823
Kp_ertapenem_S_C5707951_573_77913,0,0.0034522847
Kp_ertapenem_S_CAM_1_HF_IV_KESB3_573_78475,0,0.0037801492
Kp_ertapenem_S_CAM_1_HF_I_KESB3_573_78471,0,0.0037581353
Kp_ertapenem_S_CAM_3_HF_III_ESBL1_573_78480,0,0.00939832
Kp_ertapenem_S_CAM_3_HF_II_ESBL5_573_78479,0,0.050771944
Kp_ertapenem_S_CAM_5_HF_III_ESBL1_573_78481,0,0.24520206
Kp_ertapenem_S_CHURS_001262_573_79172,0,0.2842259
Kp_ertapenem_S_CHURS_170652_573_79186,0,0.13238062
Kp_ertapenem_S_CHURS_170943_573_79185,0,0.17860271
Kp_ertapenem_S_CHURS_174873_573_79182,0,0.59293973
Kp_ertapenem_S_CHURS_175802_573_79183,0,0.004435683
Kp_ertapenem_S_CHURS_183019_573_79165,0,0.033342127
Kp_ertapenem_S_CKP10_573_79393,0,0.004467294
Kp_ertapenem_S_CKP6_573_79395,0,0.0053923875
Kp_ertapenem_S_CN-304-F_573_79285,0,0.29219213
Kp_ertapenem_S_CN-312-F_573_79280,0,0.21746486
Kp_ertapenem_S_CN-336-D_573_79296,0,0.56081814
Kp_ertapenem_S_CN-346-D_573_79291,0,0.0060284142
Kp_ertapenem_S_CN-348-D_573_79313,0,0.020831103
Kp_ertapenem_S_CN-362-D_573_79310,0,0.011550057
Kp_ertapenem_S_CN-665-F_573_79304,0,0.009133173
Kp_ertapenem_S_CN-684-F_573_79303,0,0.004953786
Kp_ertapenem_S_CN-76-F_573_79284,0,0.010733097
Kp_ertapenem_S_CRE378_573_78321,0,0.27342504
Kp_ertapenem_S_CRKP-142_573_80725,0,0.47136164
Kp_ertapenem_S_CRKP-154_573_80719,0,0.0084968135
Kp_ertapenem_S_CRKP-53_573_80760,0,0.0084968135
Kp_ertapenem_S_CRKP-95_573_80738,0,0.0084968135
Kp_ertapenem_S_CRhvKp175_573_83623,0,0.018880168
Kp_ertapenem_S_CRhvKp196_573_81823,0,0.331427
Kp_ertapenem_S_CRhvKp710_573_81775,0,0.036822736
Kp_ertapenem_S_CT209_573_81749,0,0.008459423
Kp_ertapenem_S_CV4_573_83695,0,0.0040171975
Kp_ertapenem_S_CXW216_573_77898,0,0.004414996
Kp_ertapenem_S_C_CKDN230030136-1A_HGKHYDSX7_573_78691,0,0.0066172793
Kp_ertapenem_S_D3096bin4_573_78354,0,0.012263631
Kp_ertapenem_S_DCC2_573_81712,0,0.020192524
Kp_ertapenem_S_DR_55-CIP_573_83501,0,0.027414352
Kp_ertapenem_S_ESBL10_573_77709,0,0.08382799
Kp_ertapenem_S_ESBL7_573_77717,0,0.01241869
Kp_ertapenem_S_ESBL9_573_77719,0,0.074026465
Kp_ertapenem_S_F1-9-ERG2_573_5724,0,0.0054699983
Kp_ertapenem_S_FFDD-1144_573_82031,0,0.01657589
Kp_ertapenem_S_FFDD-580362L466_573_82049,0,0.0061420174
Kp_ertapenem_S_FFDD-593727-L677B_573_82048,0,0.00870361
Kp_ertapenem_S_FFMG-1331-6-21-B_573_82006,0,0.2163114
Kp_ertapenem_S_FFMG-212-4-21_573_82029,0,0.0044871746
Kp_ertapenem_S_FFMG-308-01-21_573_82025,0,0.009233925
Kp_ertapenem_S_FFMG-569-7-21-B_573_82028,0,0.0044871746
Kp_ertapenem_S_FFMG-667-2-21-A_573_82019,0,0.01339658
Kp_ertapenem_S_FFMG-840-06-21-SA_573_82034,0,0.009412465
Kp_ertapenem_S_FFZB-19A_573_82056,0,0.0061545144
Kp_ertapenem_S_FK1541_573_78106,0,0.013741991
Kp_ertapenem_S_FK4006_573_78111,0,0.024499044
Kp_ertapenem_S_FK6048_573_78112,0,0.03352846
Kp_ertapenem_S_FK6658-HR_573_83819,0,0.005987832
Kp_ertapenem_S_FR21MJAA8386_573_84020,0,0.10335942
Kp_ertapenem_S_FR21RICA0181_573_84013,0,0.0066670296
Kp_ertapenem_S_FUJ80036_573_79443,0,0.022677384
Kp_ertapenem_S_FUJ80044_573_79456,0,0.004622538
Kp_ertapenem_S_GDKL-115_573_77852,0,0.014616006
Kp_ertapenem_S_GDKL-149-1_573_77889,0,0.020397965
Kp_ertapenem_S_GDKL-41_573_77878,0,0.01720848
Kp_ertapenem_S_GDKL-585_573_77866,0,0.008041418
Kp_ertapenem_S_GDKL-587_573_77872,0,0.019739864
Kp_ertapenem_S_GDKL-6-2_573_77856,0,0.020568801
Kp_ertapenem_S_GDKL-67_573_77887,0,0.004185472
Kp_ertapenem_S_GDKL-69-1_573_77865,0,0.015383655
Kp_ertapenem_S_GDKL-96-1_573_77843,0,0.01772108
Kp_ertapenem_S_GDKL-N18_573_77831,0,0.0073609813
Kp_ertapenem_S_GDKL-N36_573_77875,0,0.006448301
Kp_ertapenem_S_GDKL-N65_573_77844,0,0.027812902
Kp_ertapenem_S_GDKL-N7_573_77870,0,0.012120854
Kp_ertapenem_S_GDKL-N9_573_77877,0,0.15384063
Kp_ertapenem_S_GLOEC00010_573_81833,0,0.006696047
Kp_ertapenem_S_GTVSS-027_573_81411,0,0.8823819
Kp_ertapenem_S_H003044_573_77910,0,0.013070489
Kp_ertapenem_S_H1-2_573_78830,0,0.00393244
Kp_ertapenem_S_HD1663_573_78545,0,0.00393244
Kp_ertapenem_S_HD1976_573_78530,0,0.0041068234
Kp_ertapenem_S_HD1978_573_78529,0,0.6403635
Kp_ertapenem_S_HD2002_573_78526,0,0.013880033
Kp_ertapenem_S_HD2573_573_78510,0,0.00393244
Kp_ertapenem_S_HS-144_573_78465,0,0.0057209386
Kp_ertapenem_S_INFBF11023_573_78345,0,0.32024413
Kp_ertapenem_S_INFSP3504_573_78615,0,0.0057636662
Kp_ertapenem_S_IR5095_573_81894,0,0.927937
Kp_ertapenem_S_IR5627_573_81885,0,0.026740812
Kp_ertapenem_S_IR5635_573_81896,0,0.008729736
Kp_ertapenem_S_IVRI_FBI_608_573_81835,0,0.0034522847
Kp_ertapenem_S_JHKP172_573_83683,0,0.043341514
Kp_ertapenem_S_JXkp20_573_81394,0,0.004917776
Kp_ertapenem_S_K-20210828y196.M-4_573_78588,0,0.010192214
Kp_ertapenem_S_K-210830y115.M-5_573_78585,0,0.00724827
Kp_ertapenem_S_K-JX19e03_573_78569,0,0.15174326
Kp_ertapenem_S_K-MJD19e25_573_78571,0,0.034153197
Kp_ertapenem_S_K50_573_77657,0,0.8309577
Kp_ertapenem_S_K9_573_77679,0,0.057574455
Kp_ertapenem_S_KE10037_573_79241,0,0.17253076
Kp_ertapenem_S_KE9095_573_79239,0,0.022679977
Kp_ertapenem_S_KE9520_573_79228,0,0.031797633
Kp_ertapenem_S_KE9705_573_79215,0,0.061245874
Kp_ertapenem_S_KLEPN-0036_573_77508,0,0.010799717
Kp_ertapenem_S_KP-400254_573_77772,0,0.01339658
Kp_ertapenem_S_KP-410574_573_77746,0,0.023033412
Kp_ertapenem_S_KP-417634_573_77759,0,0.023033412
Kp_ertapenem_S_KP-HB21H30727_573_78581,0,0.008552061
Kp_ertapenem_S_KP-HB21H30826_573_78598,0,0.008059197
Kp_ertapenem_S_KP08_UID2108280008_573_79331,0,0.004917776
Kp_ertapenem_S_KP09_573_83491,0,0.0044111246
Kp_ertapenem_S_KP2050_573_80846,0,0.0034522847
Kp_ertapenem_S_KP2058_573_80845,0,0.057574455
Kp_ertapenem_S_KP2063_573_80843,0,0.0040285178
Kp_ertapenem_S_KP218-12_573_80837,0,0.060488828
Kp_ertapenem_S_KP219-10_573_80833,0,0.053446867
Kp_ertapenem_S_KP21_UID2108280017_573_79340,0,0.016624682
Kp_ertapenem_S_KP221-24_573_80823,0,0.14583021
Kp_ertapenem_S_KP232_573_83601,0,0.011521132
Kp_ertapenem_S_KP23_UID2108280019_573_79342,0,0.011268045
Kp_ertapenem_S_KP2569_2011_573_78012,0,0.010298527
Kp_ertapenem_S_KP27_UID2108280023_573_79346,0,0.004404297
Kp_ertapenem_S_KP3684_573_78175,0,0.026384251
Kp_ertapenem_S_KP3707_573_78174,0,0.010308879
Kp_ertapenem_S_KP3762_2_573_78179,0,0.003988861
Kp_ertapenem_S_KP37_UID2108280033_573_79354,0,0.2623614
Kp_ertapenem_S_KP39_UID2108280035_573_79159,0,0.107548825
Kp_ertapenem_S_KP40_UID2108280036_573_79160,0,0.0076473216
Kp_ertapenem_S_KP44_UID2108280040_573_79156,0,0.9843523
Kp_ertapenem_S_KP45_573_81265,0,0.010889038
Kp_ertapenem_S_KP48_573_83484,0,0.005094641
Kp_ertapenem_S_KP59_573_83480,0,0.006732673
Kp_ertapenem_S_KP826_2017_573_77688,0,0.11254603
Kp_ertapenem_S_KPNCDS18_573_77988,0,0.03786728
Kp_ertapenem_S_KPNCDS21_573_78678,0,0.17827399
Kp_ertapenem_S_KPNCDS24_573_78682,0,0.8683325
Kp_ertapenem_S_KPNCDS31_573_79413,0,0.008614005
Kp_ertapenem_S_KPNCDS32_573_79411,0,0.0055237953
Kp_ertapenem_S_KPNCDS40_573_79406,0,0.008305077
Kp_ertapenem_S_KPNCDS46_573_79404,0,0.02198887
Kp_ertapenem_S_KP_B065_573_83533,0,0.0065027536
Kp_ertapenem_S_KP_B070_573_83532,0,0.05669136
Kp_ertapenem_S_KP_B110_573_83531,0,0.072512046
Kp_ertapenem_S_Kp208_573_77469,0,0.54815286
Kp_ertapenem_S_Kp235_573_77466,0,0.016625881
Kp_ertapenem_S_Kp248_573_77449,0,0.009137061
Kp_ertapenem_S_Kp253_573_77442,0,0.026905714
Kp_ertapenem_S_KpA230_573_80705,0,0.010292457
Kp_ertapenem_S_KpA500_573_80704,0,0.71198267
Kp_ertapenem_S_KpC87_573_78063,0,0.007834637
Kp_ertapenem_S_KpSJTU083C1_573_83678,0,0.54177815
Kp_ertapenem_S_Kp_02_48h_573_79192,0,0.0062764185
Kp_ertapenem_S_Kp_03_IT_573_79319,0,0.026905714
Kp_ertapenem_S_Kp_04_20h_573_79198,0,0.005065071
Kp_ertapenem_S_Kp_04_48h_573_79190,0,0.57588756
Kp_ertapenem_S_Kp_06_20h_573_79196,0,0.008686606
Kp_ertapenem_S_Kp_06_48h_573_79193,0,0.032591555
Kp_ertapenem_S_Kp_06_IT_573_79317,0,0.119848736
Kp_ertapenem_S_Kp_Goe_712272-2_573_77804,0,0.030425284
Kp_ertapenem_S_Kpn01950_573_82139,0,0.41294765
Kp_ertapenem_S_Kpn02038_573_82151,0,0.009466494
Kp_ertapenem_S_Kpn02042_573_82156,0,0.008737587
Kp_ertapenem_S_Kpn02043_573_82144,0,0.0078233695
Kp_ertapenem_S_Kpn02049_573_82157,0,0.013754883
Kp_ertapenem_S_Kpn02050_573_82155,0,0.010344342
Kp_ertapenem_S_Kpn02052_573_82159,0,0.28148162
Kp_ertapenem_S_Kpn02054_573_82160,0,0.004817588
Kp_ertapenem_S_Kpn02061_573_82152,0,0.0060356446
Kp_ertapenem_S_Kpn02072_573_82166,0,0.0060356446
Kp_ertapenem_S_Kpn02081_573_82187,0,0.010861176
Kp_ertapenem_S_Kpn02083_573_82181,0,0.0060356446
Kp_ertapenem_S_Kpn02089_573_82167,0,0.006176583
Kp_ertapenem_S_Kpn02095_573_82178,0,0.0060356446
Kp_ertapenem_S_Kpn02096_573_82179,0,0.07458684
Kp_ertapenem_S_Kpn10_573_81459,0,0.0053296923
Kp_ertapenem_S_Kpn116_573_78768,0,0.0037801492
Kp_ertapenem_S_Kpn14_573_81440,0,0.007143915
Kp_ertapenem_S_Kpn2285-Lar_573_79377,0,0.005673901
Kp_ertapenem_S_Kpn2337-Lar_573_79364,0,0.02369529
Kp_ertapenem_S_Kpn301_573_78769,0,0.00492412
Kp_ertapenem_S_Kpn3403_573_78767,0,0.005369659
Kp_ertapenem_S_Kpn37_573_78798,0,0.14098191
Kp_ertapenem_S_Kpn4356_573_78784,0,0.28148162
Kp_ertapenem_S_Kpn61_573_81452,0,0.024299867
Kp_ertapenem_S_Kpn6_573_81463,0,0.005178607
Kp_ertapenem_S_Kpn71_573_81429,0,0.004419096
Kp_ertapenem_S_Kpn77_573_81432,0,0.3025173
Kp_ertapenem_S_Kpn78_573_81911,0,0.0042573614
Kp_ertapenem_S_LA68_573_78617,0,0.15969555
Kp_ertapenem_S_LACPHL-BACT-2024-00164_573_77481,0,0.007391324
Kp_ertapenem_S_LAhvKp186_573_81814,0,0.41768846
Kp_ertapenem_S_LAhvKp191_573_81765,0,0.00522208
Kp_ertapenem_S_LAhvKp198_573_84285,0,0.014372086
Kp_ertapenem_S_LAhvKp90_573_83643,0,0.005799944
Kp_ertapenem_S_M122-2_573_77620,0,0.049560677
Kp_ertapenem_S_MAG11790_573_84279,0,0.05050892
Kp_ertapenem_S_MAG2930_573_84152,0,0.019116266
Kp_ertapenem_S_MAG8170_573_84282,0,0.049560677
Kp_ertapenem_S_MAG8263_573_84271,0,0.014460827
Kp_ertapenem_S_MRSN119486_573_80594,0,0.004419096
Kp_ertapenem_S_MRSN119488_573_80592,0,0.005607422
Kp_ertapenem_S_MRSN972141_573_77803,0,0.0048897285
Kp_ertapenem_S_MUGSI_227_573_24381,0,0.61934763
Kp_ertapenem_S_MUGSI_237_573_24383,0,0.04776884
Kp_ertapenem_S_N103_573_77992,0,0.007484239
Kp_ertapenem_S_NFYY338KPN_573_78807,0,0.1807689
Kp_ertapenem_S_NICU_1_P3_573_31032,0,0.2523435
Kp_ertapenem_S_NNKP_2025.1_573_83787,0,0.20350523
Kp_ertapenem_S_NNRo_2505_573_83527,0,0.4797306
Kp_ertapenem_S_NT009_573_78623,0,0.008205963
Kp_ertapenem_S_NUBL-17201_573_77489,0,0.043189246
Kp_ertapenem_S_NUBL-19416_573_77484,0,0.0054422375
Kp_ertapenem_S_NUBL-22011_573_77495,0,0.0037918703
Kp_ertapenem_S_NUBL-22020_573_77497,0,0.010058971
Kp_ertapenem_S_OT204_573_78342,0,0.010484722
Kp_ertapenem_S_P0011_573_84267,0,0.015494474
Kp_ertapenem_S_P0016_573_84203,0,0.010484722
Kp_ertapenem_S_P0019_573_84206,0,0.007249111
Kp_ertapenem_S_P0032_573_84239,0,0.008750218
Kp_ertapenem_S_P0408_573_84265,0,0.015167323
Kp_ertapenem_S_P0530_573_84261,0,0.04238417
Kp_ertapenem_S_P0717_573_84220,0,0.0037801492
Kp_ertapenem_S_P0739_573_84202,0,0.01115296
Kp_ertapenem_S_P1122_573_84250,0,0.011836215
Kp_ertapenem_S_P1209_573_84249,0,0.0046389275
Kp_ertapenem_S_PB122_573_5700,0,0.0043288376
Kp_ertapenem_S_PB199_573_5814,0,0.25793067
Kp_ertapenem_S_PB256_573_5793,0,0.0060478
Kp_ertapenem_S_PB295_573_5695,0,0.0037597422
Kp_ertapenem_S_PB495_573_5658,0,0.007874639
Kp_ertapenem_S_PB525_573_5817,0,0.015983507
Kp_ertapenem_S_PB5_573_5681,0,0.038845975
Kp_ertapenem_S_PQX262_573_77703,0,0.021333423
Kp_ertapenem_S_R9_573_81326,0,0.0046743937
Kp_ertapenem_S_RHURS_0132_573_79169,0,0.007632962
Kp_ertapenem_S_RKI_380DKa_573_84180,0,0.007632962
Kp_ertapenem_S_RTP31003st2_E3_RTP31003_210430_573_77818,0,0.12579772
Kp_ertapenem_S_Revertant_2_573_77744,0,0.017062895
Kp_ertapenem_S_S12_573_79021,0,0.027363034
Kp_ertapenem_S_S1bMCAC_573_81832,0,0.11730737
Kp_ertapenem_S_S2-IND-01-F_573_80931,0,0.0037686902
Kp_ertapenem_S_SEB1_573_79392,0,0.52427536
Kp_ertapenem_S_SEB2_573_79391,0,0.54224914
Kp_ertapenem_S_SEB3_573_79389,0,0.013113765
Kp_ertapenem_S_SEB5_573_79388,0,0.013113765
Kp_ertapenem_S_SI-93_573_78688,0,0.023033412
Kp_ertapenem_S_SK027_573_78630,0,0.007900449
Kp_ertapenem_S_SKLX113192_573_78388,0,0.007900449
Kp_ertapenem_S_SO_9530_KP15521_573_83589,0,0.007208566
Kp_ertapenem_S_STK71-E_573_80989,0,0.31924993
Kp_ertapenem_S_T231226729_573_81657,0,0.007208566
Kp_ertapenem_S_T231226738_573_81665,0,0.00786922
Kp_ertapenem_S_T240206174_573_81651,0,0.013302335
Kp_ertapenem_S_TC_KPN04_573_77727,0,0.013302335
Kp_ertapenem_S_TC_KPN07_573_77726,0,0.09917285
Kp_ertapenem_S_TR012_573_78622,0,0.013302335
Kp_ertapenem_S_TY-17_573_83463,0,0.013302335
Kp_ertapenem_S_TY-19_573_83465,0,0.0038380271
Kp_ertapenem_S_TY-20_573_83467,0,0.0101190135
Kp_ertapenem_S_TY-21_573_83464,0,0.00744109
Kp_ertapenem_S_TY-9_573_83495,0,0.3531648
Kp_ertapenem_S_W2-5-ERG8_573_5820,0,0.0052860603
Kp_ertapenem_S_W2-9-ERG1_573_5709,0,0.5551218
Kp_ertapenem_S_W91_573_77902,0,0.24918157
Kp_ertapenem_S_X240211162_573_81647,0,0.008474334
Kp_ertapenem_S_ZR719_573_81536,0,0.008474334
Kp_ertapenem_S_ZR793_573_81535,0,0.19146211
Kp_ertapenem_S_Zagreb006_573_81964,0,0.0077051204
Kp_ertapenem_S_Zagreb014_573_81973,0,0.0040686633
Kp_ertapenem_S_Zagreb030_573_81957,0,0.6869358
Kp_ertapenem_S_Zagreb032_573_81959,0,0.008094752
Kp_ertapenem_S_Zagreb038_573_81975,0,0.0074988427
Kp_ertapenem_S_Zagreb045_573_81984,0,0.0074988427
Kp_ertapenem_S_fly-298_573_78069,0,0.0074988427
Kp_ertapenem_S_fly-402_573_78074,0,0.0074988427
Kp_ertapenem_S_fly-600_573_78072,0,0.0074988427
Kp_ertapenem_S_hvKP_249_573_78482,0,0.014053356
Kp_ertapenem_S_hvKP_287_573_78314,0,0.0074988427
Kp_ertapenem_S_kp112_573_81350,0,0.0076025664
Kp_ertapenem_S_kp124_573_81351,0,0.0074127116
Kp_ertapenem_S_kp1GYS_573_81357,0,0.0049625677
Kp_ertapenem_S_kp593_573_81360,0,0.0049625677
Kp_ertapenem_S_kp6BYS_573_81375,0,0.006725855
Kp_ertapenem_S_kp710_573_81376,0,0.007794463
Kp_ertapenem_S_kpA710m5p_573_81386,0,0.005153503
Kp_ertapenem_S_kpY41GYS_573_81382,0,0.0057029594
R__rgi_Klebsiella_pneumoniae_ertapenem_RESISTANT__Klebsiella_pneumoniae_R_ertapenem_Klebsiella_pneumoniae_strain_EuSCAPE_BE070.txt,0,0.7360696
R__rgi_Klebsiella_pneumoniae_ertapenem_RESISTANT__Klebsiella_pneumoniae_R_ertapenem_Klebsiella_pneumoniae_strain_EuSCAPE_GR057.txt,0,0.18149285
R__rgi_Klebsiella_pneumoniae_ertapenem_RESISTANT__Klebsiella_pneumoniae_R_ertapenem_Klebsiella_pneumoniae_strain_EuSCAPE_GR108.txt,0,0.004249729
R__rgi_Klebsiella_pneumoniae_ertapenem_RESISTANT__Klebsiella_pneumoniae_R_ertapenem_Klebsiella_pneumoniae_strain_EuSCAPE_IL041.txt,1,0.99083436
R__rgi_Klebsiella_pneumoniae_ertapenem_RESISTANT__Klebsiella_pneumoniae_R_ertapenem_Klebsiella_pneumoniae_strain_EuSCAPE_IL062.txt,1,0.99083436
R__rgi_Klebsiella_pneumoniae_ertapenem_RESISTANT__Klebsiella_pneumoniae_R_ertapenem_Klebsiella_pneumoniae_strain_EuSCAPE_IT015.txt,1,0.99083436
R__rgi_Klebsiella_pneumoniae_ertapenem_RESISTANT__Klebsiella_pneumoniae_R_ertapenem_Klebsiella_pneumoniae_strain_EuSCAPE_IT017.txt,1,0.97717404
R__rgi_Klebsiella_pneumoniae_ertapenem_RESISTANT__Klebsiella_pneumoniae_R_ertapenem_Klebsiella_pneumoniae_strain_EuSCAPE_IT084.txt,1,0.88563544
R__rgi_Klebsiella_pneumoniae_ertapenem_RESISTANT__Klebsiella_pneumoniae_R_ertapenem_Klebsiella_pneumoniae_strain_EuSCAPE_IT116.txt,1,0.44413507
R__rgi_Klebsiella_pneumoniae_ertapenem_RESISTANT__Klebsiella_pneumoniae_R_ertapenem_Klebsiella_pneumoniae_strain_EuSCAPE_IT222.txt,1,0.99083436
R__rgi_Klebsiella_pneumoniae_ertapenem_RESISTANT__Klebsiella_pneumoniae_R_ertapenem_Klebsiella_pneumoniae_strain_EuSCAPE_IT264.txt,1,0.99083436
R__rgi_Klebsiella_pneumoniae_ertapenem_RESISTANT__Klebsiella_pneumoniae_R_ertapenem_Klebsiella_pneumoniae_strain_EuSCAPE_IT288.txt,1,0.89329964
R__rgi_Klebsiella_pneumoniae_ertapenem_RESISTANT__Klebsiella_pneumoniae_R_ertapenem_Klebsiella_pneumoniae_strain_EuSCAPE_IT292.txt,1,0.92720056
R__rgi_Klebsiella_pneumoniae_ertapenem_RESISTANT__Klebsiella_pneumoniae_R_ertapenem_Klebsiella_pneumoniae_strain_EuSCAPE_IT322.txt,1,0.9455032
R__rgi_Klebsiella_pneumoniae_ertapenem_RESISTANT__Klebsiella_pneumoniae_R_ertapenem_Klebsiella_pneumoniae_strain_EuSCAPE_IT366.txt,1,0.92720056
R__rgi_Klebsiella_pneumoniae_ertapenem_RESISTANT__Klebsiella_pneumoniae_R_ertapenem_Klebsiella_pneumoniae_strain_EuSCAPE_LU006.txt,1,0.92720056
R__rgi_Klebsiella_pneumoniae_ertapenem_RESISTANT__Klebsiella_pneumoniae_R_ertapenem_Klebsiella_pneumoniae_strain_EuSCAPE_PT053.txt,1,0.99083436
S__rgi_Klebsiella_pneumoniae_ertapenem__Klebsiella_pneumoniae_ertapenem_S_strainEuSCAPE_DE039_GCA_9005124351,1,0.92720056
S__rgi_Klebsiella_pneumoniae_ertapenem__Klebsiella_pneumoniae_ertapenem_S_strainEuSCAPE_DE069_GCA_9005125951,1,0.92720056
S__rgi_Klebsiella_pneumoniae_ertapenem__Klebsiella_pneumoniae_ertapenem_S_strainEuSCAPE_ES109_GCA_9005016551,1,0.11582025
S__rgi_Klebsiella_pneumoniae_ertapenem__Klebsiella_pneumoniae_ertapenem_S_strainEuSCAPE_ES235_GCA_9005174251,0,0.017288927
S__rgi_Klebsiella_pneumoniae_ertapenem__Klebsiella_pneumoniae_ertapenem_S_strainEuSCAPE_ES237_GCA_9005174651,0,0.37614948
S__rgi_Klebsiella_pneumoniae_ertapenem__Klebsiella_pneumoniae_ertapenem_S_strainEuSCAPE_FR013_GCA_9005103951,0,0.0036736468
S__rgi_Klebsiella_pneumoniae_ertapenem__Klebsiella_pneumoniae_ertapenem_S_strainEuSCAPE_IT031_GCA_9005085151,0,0.01339658
S__rgi_Klebsiella_pneumoniae_ertapenem__Klebsiella_pneumoniae_ertapenem_S_strainEuSCAPE_IT119_GCA_9005148451,0,0.7202838
S__rgi_Klebsiella_pneumoniae_ertapenem__Klebsiella_pneumoniae_ertapenem_S_strainEuSCAPE_PL024_GCA_9005114251,0,0.34605274
S__rgi_Klebsiella_pneumoniae_ertapenem__Klebsiella_pneumoniae_ertapenem_S_strainEuSCAPE_PL025_GCA_9005101951,0,0.003918358
S__rgi_Klebsiella_pneumoniae_ertapenem__Klebsiella_pneumoniae_ertapenem_S_strainEuSCAPE_TR188_GCA_9005086251,0,0.92720056
S__rgi_Klebsiella_pneumoniae_ertapenem__Kpn_Klebsiella_pneumoniae_strain_EuSCAPE_CZ012_GCA_900510985_1,0,0.008174167
S__rgi_Klebsiella_pneumoniae_ertapenem__Kpn_Klebsiella_pneumoniae_strain_EuSCAPE_HU065_GCA_900517105_1,0,0.023033412
S__rgi_Klebsiella_pneumoniae_ertapenem__Kpn_Klebsiella_pneumoniae_strain_EuSCAPE_IE019_GCA_900506355_1,0,0.011920901
S__rgi_Klebsiella_pneumoniae_ertapenem__Kpn_Klebsiella_pneumoniae_strain_EuSCAPE_IT002_GCA_900513995_1,0,0.023063378
S__rgi_Klebsiella_pneumoniae_ertapenem__Kpn_Klebsiella_pneumoniae_strain_EuSCAPE_PT029_GCA_900502855_1,0,0.0043415986
S__rgi_Klebsiella_pneumoniae_ertapenem__Kpn_Klebsiella_pneumoniae_strain_EuSCAPE_RS093_GCA_900505545_1,0,0.007000765
S__rgi_Klebsiella_pneumoniae_ertapenem__Kpn_Klebsiella_pneumoniae_strain_EuSCAPE_TR042_GCA_900507835_1,0,0.92720056
S__rgi_Klebsiella_pneumoniae_ertapenem__Kpn_Klebsiella_pneumoniae_strain_EuSCAPE_TR270_GCA_900509115_1,0,0.40041736
S__rgi_Klebsiella_pneumoniae_ertapenem__Kpn_Klebsiella_pneumoniae_strain_EuSCAPE_UK101_GCA_900503165_1,0,0.0046869516
S__rgi_Klebsiella_pneumoniae_ertapenem__Kpn_S_Klebsiella pneumoniae strain EuSCAPE_ES246_GCA_900517525_1.txt,0,0.0069310395
S__rgi_Klebsiella_pneumoniae_ertapenem__Kpn_S_Klebsiella pneumoniae strain EuSCAPE_FR067_GCA_900510945_1.txt,0,0.00757285
S__rgi_Klebsiella_pneumoniae_ertapenem__Kpn_S_Klebsiella pneumoniae strain EuSCAPE_RO081_GCA_900504315_1.txt,0,0.086144514
S__rgi_Klebsiella_pneumoniae_ertapenem__Kpn_S_Klebsiella pneumoniae strain EuSCAPE_TR125_GCA_900507385_1.txt,0,0.19539452
S__rgi_Klebsiella_pneumoniae_ertapenem__Kpn_S_Klebsiella pneumoniae strain EuSCAPE_TR270_GCA_900509115_1.txt,0,0.0045285434
S__rgi_Klebsiella_pneumoniae_ertapenem__Kpn_S_Klebsiella_pneumoniae_strain_EuSCAPE_BE088_GCA_900506985_1.txt,0,0.0075237337
S__rgi_Klebsiella_pneumoniae_ertapenem__Kpn_S_Klebsiella_pneumoniae_strain_EuSCAPE_CZ010_GCA_900508435_1.txt,0,0.04025722
S__rgi_Klebsiella_pneumoniae_ertapenem__Kpn_S_Klebsiella_pneumoniae_strain_EuSCAPE_ES109_GCA_900501655_1.txt,0,0.0040171975
S__rgi_Klebsiella_pneumoniae_ertapenem__Kpn_S_Klebsiella_pneumoniae_strain_EuSCAPE_FR019_GCA_900510445_1.txt,0,0.15602615
S__rgi_Klebsiella_pneumoniae_ertapenem__Kpn_S_Klebsiella_pneumoniae_strain_EuSCAPE_FR067_GCA_900510945_1.txt,0,0.007000765
S__rgi_Klebsiella_pneumoniae_ertapenem__Kpn_S_Klebsiella_pneumoniae_strain_EuSCAPE_GR021_GCA_900501165_1.txt,0,0.12221382
S__rgi_Klebsiella_pneumoniae_ertapenem__Kpn_S_Klebsiella_pneumoniae_strain_EuSCAPE_HR007_GCA_900505665_1.txt,0,0.0061058127
S__rgi_Klebsiella_pneumoniae_ertapenem__Kpn_S_Klebsiella_pneumoniae_strain_EuSCAPE_HR027_GCA_900505835_1.txt,0,0.006003738
S__rgi_Klebsiella_pneumoniae_ertapenem__Kpn_S_Klebsiella_pneumoniae_strain_EuSCAPE_HU015_GCA_900516755_1.txt,0,0.0037801492
S__rgi_Klebsiella_pneumoniae_ertapenem__Kpn_S_Klebsiella_pneumoniae_strain_EuSCAPE_IE019_GCA_900506355_1.txt,0,0.0043965215
S__rgi_Klebsiella_pneumoniae_ertapenem__Kpn_S_Klebsiella_pneumoniae_strain_EuSCAPE_IT031_GCA_900508515_1.txt,0,0.007249111
S__rgi_Klebsiella_pneumoniae_ertapenem__Kpn_S_Klebsiella_pneumoniae_strain_EuSCAPE_IT039_GCA_900512995_1.txt,0,0.009268907
S__rgi_Klebsiella_pneumoniae_ertapenem__Kpn_S_Klebsiella_pneumoniae_strain_EuSCAPE_IT151_GCA_900515175_1.txt,0,0.056552984
S__rgi_Klebsiella_pneumoniae_ertapenem__Kpn_S_Klebsiella_pneumoniae_strain_EuSCAPE_TR130_GCA_900507405_1.txt,0,0.055559292
S__rgi_Klebsiella_pneumoniae_ertapenem__Kpn_S_Klebsiella_pneumoniae_strain_EuSCAPE_TR143_GCA_900507435_1.txt,0,0.014935493
S__rgi_Klebsiella_pneumoniae_ertapenem__Kpn_S_Klebsiella_pneumoniae_strain_EuSCAPE_TR188_GCA_900508625_1.txt,0,0.24990854
S__rgi_Klebsiella_pneumoniae_ertapenem__Kpn_S_Klebsiella_pneumoniae_strain_EuSCAPE_TR270_GCA_900509115_1.txt,0,0.12925354
S__rgi_Klebsiella_pneumoniae_ertapenem__Kpn_S_Klebsiella_pneumoniae_strain_EuSCAPE_TR283_GCA_900508175_1.txt,0,0.00757285
S__rgi_Klebsiella_pneumoniae_ertapenem__Kpn_S_Klebsiella_pneumoniae_strain_EuSCAPE_UK101_GCA_900503165_1.txt,0,0.010681063
